Title,Price,Sale
Polaroid Digital Instant Camera Model POP In Case,"The price is
$96.00","Discount:
(20% OFF)"
Sony Cybershot Camera DSC-F717 Digital Camera,"The price is
$42.49","Discount:
(6% OFF)"
Vintage Camera Spectra AF Film Camera,"The price is
$16.00","Discount:
(20% OFF)"
Minolta Camera,"The price is
$69.99",N/A
Sony Cybershot Camera DSC-F717 Digital Camera Silver,"The price is
$42.49","Discount:
(6% OFF)"
Camera w/ Assorted Camera Lenses In Leather Cases,"The price is
$120.99",N/A
Action Camera IOB,"The price is
$25.00",N/A
Canon Rebel Camera,"The price is
$95.00",N/A
Sony Cybershot Camera,"The price is
$89.99",N/A
Web Digital Camera,"The price is
$14.99",N/A
RICOH MIRAI AF 35mm SLR CAMERA 38-105mm ZOOM Camera,"The price is
$19.99",N/A
Pentax Film Camera,"The price is
$70.00",N/A
Nikon Film Camera,"The price is
$74.50",N/A
Phenix DC303K Camera Film Camera For Parts/Repair,"The price is
$33.99","Discount:
(15% OFF)"
Wimius Camera,"The price is
$28.00","Discount:
(20% OFF)"
Polaroid Camera,"The price is
$40.00","Discount:
(20% OFF)"
Polaroid Camera,"The price is
$40.00","Discount:
(20% OFF)"
Vintage Sears TLS Cameras,"The price is
$64.00","Discount:
(20% OFF)"
Vintage Canon Film Camera,"The price is
$116.00","Discount:
(20% OFF)"
Lot of 3 Assorted 35mm Underwater Cameras & Camera Housing,"The price is
$19.99",N/A
Nikon Coolpix Camera in Case,"The price is
$160.00",N/A
Vehicle Reverse Camera System,"The price is
$39.99",N/A
Red & Black COOLPIX Camera,"The price is
$115.99",N/A
Floureon Security IP Camera,"The price is
$44.99",N/A
Swann Black Home Camera,"The price is
$24.99",N/A
Hero + Camera with Wifi,"The price is
$40.00",N/A
Nikon D3100 Camera & Bag,"The price is
$109.99",N/A
Olympus Camera Model: E-PM1,"The price is
$300.00",N/A
EasyShare DX7590 Digital Camera,"The price is
$32.00",N/A
Gopro Hero 4 Camera,"The price is
$89.99",N/A
Instax Fim Camera,"The price is
$105.40","Discount:
(15% OFF)"
Model EK6 Instant Camera,"The price is
$23.99",N/A
EOS Rebel X Camera,"The price is
$30.00",N/A
Instax Mini 9 Camera,"The price is
$35.00",N/A
Kodak Box Camera in Case,"The price is
$50.00",N/A
Argus Anastigmat Film Camera,"The price is
$20.99",N/A
Polaroid Now Instant Camera,"The price is
$39.99",N/A
Polaroid Impulse Instant Camera,"The price is
$34.99",N/A
Kodak 'The Handle' Instant Camera,"The price is
$14.99",N/A
Polaroid One Instant Camera,"The price is
$19.99",N/A
Lomography Fisheye 35mm Camera,"The price is
$19.99",N/A
Photoflex MX-35 Photo Camera,"The price is
$18.99",N/A
Pentax K1000 Film Camera,"The price is
$85.00",N/A
Vintage Polaroid Lot of 2 Land Cameras Automatic 100 & 103 Instant Camera,"The price is
$18.99","Discount:
(5% OFF)"
Action Camera Sport Recording Camera 20MP,"The price is
$13.76","Discount:
(5% OFF)"
Vintage Bell & Howell Camera 8mm 134 Camera,"The price is
$29.99",N/A
Ricoh RZ 800 AF Multi Camera Macro 38-80mm Film Camera,"The price is
$16.99","Discount:
(6% OFF)"
Minolta XG-7 35mm Film Camera Camera Body For Parts/Repair,"The price is
$17.00","Discount:
(15% OFF)"
Lot of 2 Assorted APS Point & Shoot Cameras-Canon & Olympus Camera,"The price is
$18.99","Discount:
(5% OFF)"
Bundle of Assorted Camera Accessories w/Camera Travel Case,"The price is
$34.99",N/A
Olympus Stylus 750Camera,"The price is
$68.00","Discount:
(20% OFF)"
MINOLTA Camera In Bag,"The price is
$50.00",N/A
Vintage Polaroid Spectra System Camera,"The price is
$20.00",N/A
Vintage Polaroid 320 Film Camera,"The price is
$20.00",N/A
Vintage Sears T.L.S Film Camera,"The price is
$19.99",N/A
Vintage Minolta Autopack 400-X Camera,"The price is
$20.00",N/A
ToGuard FHD Wireless Smart Security Camera Wireless NVR & Wire-Free Camera Kit New,"The price is
$30.00",N/A
Minolta Camera in Case,"The price is
$63.99","Discount:
(20% OFF)"
Wildlife Trail Digital Camera,"The price is
$31.99","Discount:
(6% OFF)"
Conico Wireless IP Camera In Box,"The price is
$49.99",N/A
Kodak Easy Share Digital Camera,"The price is
$65.00",N/A
Cannon EOS Rebel Digital Camera,"The price is
$42.99",N/A
Canon EOS Rebel 35mm Camera,"The price is
$38.42",N/A
Vivitar DVR786HD Digital Action Camera,"The price is
$24.99",N/A
GoPro Action Camera & Attachments Lot,"The price is
$48.00",N/A
Blue Instax Mini 11 Camera,"The price is
$49.99",N/A
Canon Battery Grip BG-E2 Camera,"The price is
$29.99",N/A
Sony Mavica MVC-CD1000 Digital Camera,"The price is
$26.85",N/A
Nikon D80 Digital Camera In Box,"The price is
$125.00",N/A
Olympus Stylus 760 Digital Camera,"The price is
$24.99",N/A
Kodak EasyShare ZD710 Digital Camera,"The price is
$22.49",N/A
Canon Digital Camera with accessories,"The price is
$165.00",N/A
GE X500 | 16.0MP Digital Camera,"The price is
$19.99",N/A
Fujifilm FinePix S800 Digital Camera,"The price is
$19.99",N/A
Samsung TL105 Compact Digital Camera,"The price is
$40.00",N/A
Polaroid Wave Underwater Camera IOB,"The price is
$20.00",N/A
Olympus SP-510UZ 7.1MP Digital Camera,"The price is
$59.99",N/A
Vintage Seneca Camera in Case,"The price is
$71.99","Discount:
(20% OFF)"
Vintage Kodak Instant Camera,"The price is
$16.00","Discount:
(20% OFF)"
UNTESTED FUJI DL-155 TELE 35mm Camera Point & Shoot Fuji Camera Black,"The price is
$11.99","Discount:
(6% OFF)"
Polaroid 300 Instant Camera,"The price is
$18.99","Discount:
(5% OFF)"
Samsung SF-250 DX Camera,"The price is
$18.99","Discount:
(5% OFF)"
Polaroid 300 Instant Camera,"The price is
$18.99","Discount:
(5% OFF)"
Web Digital Camera | Digital Camera #2,"The price is
$13.49","Discount:
(10% OFF)"
Web Digital Camera | Digital Camera #1,"The price is
$13.49","Discount:
(10% OFF)"
Nikon EM 35mm Film Camera,"The price is
$87.49",N/A
Konica C35 35mm Film Camera,"The price is
$54.99",N/A
Nikkei DL-9000 35mm Film Camera,"The price is
$15.99","Discount:
(20% OFF)"
2 Nikon Cameras with flash,"The price is
$90.00",N/A
Pentax Film Camera w/ Strap,"The price is
$35.00",N/A
Canon Film Camera W/ Strap,"The price is
$95.00",N/A
Polaroid Impulse Instant Film Camera,"The price is
$19.99",N/A
Yashica Minister-D Film Camera,"The price is
$30.00",N/A
Fujifilm Camera W/Case,"The price is
$97.71","Discount:
(15% OFF)"
Polaroid SX-70 Instant Land Camera,"The price is
$44.99",N/A
Polaroid Land Camera | Model 150,"The price is
$19.99",N/A
Polaroid Automatic 100 Land Camera,"The price is
$49.99",N/A
Polaroid One 600 Instant Camera,"The price is
$21.99",N/A
Minolta X-700 35mm SLR Camera,"The price is
$99.99",N/A
Polaroid Impulse QPS Instant Camera,"The price is
$21.99",N/A
Polaroid One 600 Instant Camera,"The price is
$19.99",N/A
Instax Mini 8 Polaroid Camera,"The price is
$30.00",N/A
Nikon F70 35mm Film Camera,"The price is
$32.99",N/A
Lomography LOMO' Instant Instant Camera,"The price is
$39.99",N/A
Minolta Insta PRO Instant Camera,"The price is
$17.99",N/A
Olympus OM-10 35mm SLR Camera,"The price is
$69.99",N/A
Konica Autoreflex TC Camera & Accessories,"The price is
$39.99",N/A
Polaroid One Step 600 Camera,"The price is
$30.00",N/A
EOS Rebel G Film Camera,"The price is
$25.00",N/A
Kodak Printomatic Instant Print Camera,"The price is
$19.99",N/A
Yashica MG-1 35mm Rangefinder Camera,"The price is
$39.99",N/A
Polaroid One 600 Instant Camera,"The price is
$19.99",N/A
Yashica FX D Film Camera,"The price is
$35.00",N/A
Polaroid One 600 Instant Camera,"The price is
$19.99",N/A
Vintage Canon Snappy AF Camera,"The price is
$30.00",N/A
PENTAX IQZoom 60 35mm Camera,"The price is
$34.99",N/A
Vintage Kodak 3-A Folding Camera,"The price is
$97.27","Discount:
(15% OFF)"
Vintage Minolta X-370 SLR Camera,"The price is
$75.99","Discount:
(5% OFF)"
Polaroid Camera Flash,"The price is
$24.99",N/A
Nikon N65 Camera,"The price is
$34.19",N/A
Sony HVL-F32X Camera,"The price is
$24.99",N/A
Logitech C615 Webcam Camera,"The price is
$19.99",N/A
Vintage Polaroid Land Camera Automatic 100,"The price is
$30.00",N/A
Vintage Polaroid Automatic 210 Land Camera,"The price is
$23.99","Discount:
(20% OFF)"
Vintage Polaroid Land Camera Model 150,"The price is
$19.99",N/A
Vintage Kodak Brownie Starflash Film Camera,"The price is
$14.99",N/A
Vintage Brownie Junior Six-20 Camera In Box,"The price is
$28.00","Discount:
(20% OFF)"
Vintage Polaroid Spectra System Instant Camera,"The price is
$32.99",N/A
Vintage Kodak Instamatic Camera 804 Untested,"The price is
$19.99",N/A
Canon T50 Vintage SLR Film Camera,"The price is
$30.00",N/A
Yashica FX-2 Vintage SLR Film Camera,"The price is
$40.00",N/A
Vintage Kodak Disc 4000 Camera IOB,"The price is
$14.99",N/A
Vintage Kodak Monitor Six-20 Folding Camera,"The price is
$34.99",N/A
Vintage Argus C3 35mm Rangefinder Camera,"The price is
$29.99",N/A
Vintage Pentax SF1N Camera w/ Accessories,"The price is
$55.00",N/A
3pc Bundle of Assorted Vintage Film Cameras W/ Camera Flash,"The price is
$69.99",N/A
Not Tested Panasonic SDR-S70 Camera 78x Camera,"The price is
$29.99",N/A
Gray GE Digital Camera,"The price is
$55.99","Discount:
(20% OFF)"
Jazz JDC17 Digital Camera,"The price is
$16.00","Discount:
(20% OFF)"
Nikon Camera w/ accessories,"The price is
$63.99","Discount:
(20% OFF)"
Olympus IS-20 Quartzdate Camera,"The price is
$21.99",N/A
Argus 35 HFM Camera,"The price is
$27.99",N/A
Petri SLR Film Camera,"The price is
$50.00",N/A
Vivitar 220/SL Film Camera,"The price is
$30.00",N/A
Auto-Vox Wireless Backup Camera Rear View Reverse Camera 5 inch Monitor Kit,"The price is
$55.99","Discount:
(6% OFF)"
Canon Rebel XT EOS Digital Camera,"The price is
$55.49",N/A
Wild Life Camera In Case w/ Accessories,"The price is
$75.50",N/A
Unbranded Compact Digital Camera Lot of 3,"The price is
$19.99",N/A
Explore One HD Camera 2019 In Case,"The price is
$19.99",N/A
Unbranded Children's Digital Camera Lot of 2,"The price is
$19.99",N/A
Canon T50 Camera & Lens w/ Strap,"The price is
$99.99",N/A
CANON Rebel XS EOS Digital Camera,"The price is
$125.00",N/A
Bundle of 4 Assorted Kids Digital Cameras,"The price is
$36.00",N/A
Kodak Easy Share Digital Camera in Case,"The price is
$40.00",N/A
Lumi By Pamper Smart Baby Camera,"The price is
$50.00",N/A
VNTG Polaroid Brand Land Camera OneStep Model Instant Film Camera,"The price is
$14.99",N/A
Nikon D40 Digital Camera & Accessories in Bag,"The price is
$110.00",N/A
Nikon D3000 10.2MP Digital SLR Camera,"The price is
$64.99",N/A
Nikon D40 Digital Camera & Accessories in Bag,"The price is
$130.00",N/A
Nikon D90 Digital SLR Camera 12.3MP,"The price is
$139.99",N/A
Fujifilm FinePix E510 5.2MP Digital Camera,"The price is
$69.99",N/A
Olympus VR-330 14.0MP Compact Digital Camera,"The price is
$34.99",N/A
Olympus SP-590UZ 12.0 Digital Bridge Camera,"The price is
$34.99",N/A
Sony Mavica Digital Camera Lot of 3,"The price is
$34.99",N/A
Sony DSC-S75 Cyber-Shot Digital Camera,"The price is
$19.99",N/A
Fujifilm FinePix E500 4.1MP Digital Camera,"The price is
$49.99",N/A
Nikon D50 Digital Camera & Accessories Bundle,"The price is
$115.00",N/A
Nikon CoolPix 775 | 2.0MP Digital Camera,"The price is
$19.99",N/A
Nikon D60 Digital SLR Camera IOB,"The price is
$125.00",N/A
Fuji Film FinePix S1800 Digital Camera,"The price is
$50.49",N/A
Sony Cyber-Shot DSC-S75 Camera In Bag,"The price is
$31.99","Discount:
(20% OFF)"
Vintage Konica FS-1 Film Camera,"The price is
$46.50",N/A
Vintage Polaroid Camera,"The price is
$20.00",N/A
Four vintage cameras,"The price is
$144.99",N/A
Vintage Polaroid 230 Land Camera,"The price is
$19.99",N/A
Fujifilm FinePix S2800HD Digital SLR Camera,"The price is
$49.99",N/A
Nikon Coolpix L120 Digital SLR Camera,"The price is
$59.99",N/A
GoPro Be A Hero Camera With Accessories,"The price is
$38.24","Discount:
(15% OFF)"
Polaroid OneStep Land Camera Instant Film Camera,"The price is
$16.99","Discount:
(15% OFF)"
Samsung WB350f 16.3MP Digital Camera,"The price is
$85.49","Discount:
(5% OFF)"
Minolta Camera w/ Accessories,"The price is
$60.00","Discount:
(25% OFF)"
Dacora I Folding Camera,"The price is
$76.49","Discount:
(15% OFF)"
Vintage Ansco Pioneer Film Camera,"The price is
$27.99","Discount:
(20% OFF)"
Vintage Kodak Duaflex Film Camera,"The price is
$23.99","Discount:
(20% OFF)"
Vintage Pentax ME-Super Camera,"The price is
$120.00","Discount:
(20% OFF)"
Maxxum 3000i Film Camera,"The price is
$25.60","Discount:
(20% OFF)"
Black Camera 35 mm,"The price is
$83.24","Discount:
(25% OFF)"
Vintage P30-T Camera w/Accessories,"The price is
$112.49","Discount:
(25% OFF)"
Vintage Minolta X-370 Camera in Case,"The price is
$138.75","Discount:
(25% OFF)"
Bundle of 3 Vintage Film Cameras,"The price is
$67.50","Discount:
(25% OFF)"
Pentax P30 35mm SLR Film Camera,"The price is
$54.99",N/A
Vivitar PZ3560DB 35mm Film Camera In Case,"The price is
$19.99",N/A
Yashica FR Film Camera & Accessories Lot,"The price is
$125.00",N/A
Pentax ME Super 35mm Film Camera,"The price is
$40.00",N/A
Minolta/Sekor 500DTL 35mm Film Camera,"The price is
$34.99",N/A
Polaroid Automatic 104 Film Land Camera,"The price is
$24.99",N/A
Bell & Howell PZ2200 AutoFocus Film Camera,"The price is
$19.99",N/A
Vivitar v3800N 35mm SLR Film Camera,"The price is
$29.99",N/A
Polaroid Spectra System Instant Film Camera,"The price is
$24.99",N/A
Kodak Retina IIc 35mm Film Camera,"The price is
$99.99",N/A
